{
  "originalSize": 5892,
  "compressedSizes": {
    "standard": 5885,
    "en": 5885,
    "es": 5885,
    "fr": 5885,
    "zh": 4108,
    "ar": 4999,
    "motl_religious": 7070,
    "m2m_0.8": 1178.375,
    "m2m_0.95": 294.5
  },
  "compressionRatios": {
    "standard": 1.0011894647408666,
    "en": 1.0011894647408666,
    "es": 1.0011894647408666,
    "fr": 1.0011894647408666,
    "zh": 1.0038948393378773,
    "ar": 1.0018003600720145,
    "motl_religious": 0.8333804809052334,
    "m2m_0.8": 5.000106078285775,
    "m2m_0.95": 20.00679117147708
  },
  "processingTimes": {
    "standard": 7.6881499998271465,
    "en": 2.3236000016331673,
    "es": 2.1436779983341694,
    "fr": 2.1400439999997616,
    "zh": 1.9166490007191896,
    "ar": 1.889715999364853,
    "motl_religious": 0.058281999081373215,
    "m2m_0.8": 0.05062900111079216,
    "m2m_0.95": 0.01057399995625019
  }
}