{
  "processingTime": {
    "al-fatiha": {
      "traditional": 0.6904899999499321,
      "motl": 1.2654809998348355,
      "improvement": 0.5456344267832164
    },
    "al-baqarah": {
      "traditional": 0.4634099998511374,
      "motl": 0.503082999959588,
      "improvement": 0.9211402490013825
    },
    "al-imran": {
      "traditional": 0.3517660000361502,
      "motl": 0.26495099999010563,
      "improvement": 1.3276643607659024
    },
    "an-nisa": {
      "traditional": 0.19023900013417006,
      "motl": 0.26325799990445375,
      "improvement": 0.7226333110606894
    },
    "al-maida": {
      "traditional": 0.08724300004541874,
      "motl": 0.2140140002593398,
      "improvement": 0.40765090106113916
    },
    "al-ikhlas": {
      "traditional": 0.09277100022882223,
      "motl": 0.12790900003165007,
      "improvement": 0.7252890743096012
    },
    "al-falaq": {
      "traditional": 0.0844450001604855,
      "motl": 0.12774799996986985,
      "improvement": 0.6610279627109809
    },
    "an-nas": {
      "traditional": 0.08645900012925267,
      "motl": 0.13071299996227026,
      "improvement": 0.6614414798391032
    }
  },
  "compressionRatio": {
    "al-fatiha": {
      "traditional": 0.7708333333333334,
      "motl": 6.2,
      "improvement": 8.043243243243243
    },
    "al-baqarah": {
      "traditional": 0.7777777777777778,
      "motl": 6.266666666666667,
      "improvement": 8.057142857142857
    },
    "al-imran": {
      "traditional": 0.7731958762886598,
      "motl": 6.222222222222222,
      "improvement": 8.047407407407407
    },
    "an-nisa": {
      "traditional": 0.7708333333333334,
      "motl": 6.2,
      "improvement": 8.043243243243243
    },
    "al-maida": {
      "traditional": 0.7708333333333334,
      "motl": 6.2,
      "improvement": 8.043243243243243
    },
    "al-ikhlas": {
      "traditional": 0.7684210526315789,
      "motl": 6.177777777777778,
      "improvement": 8.03957382039574
    },
    "al-falaq": {
      "traditional": 0.7659574468085106,
      "motl": 6.155555555555556,
      "improvement": 8.03641975308642
    },
    "an-nas": {
      "traditional": 0.7608695652173914,
      "motl": 6.111111111111111,
      "improvement": 8.03174603174603
    }
  },
  "semanticDensity": {
    "al-fatiha": {
      "traditional": 76.8,
      "motl": 1440,
      "improvement": 18.75
    },
    "al-baqarah": {
      "traditional": 79.2,
      "motl": 1440,
      "improvement": 18.18181818181818
    },
    "al-imran": {
      "traditional": 77.6,
      "motl": 1440,
      "improvement": 18.556701030927837
    },
    "an-nisa": {
      "traditional": 76.8,
      "motl": 1440,
      "improvement": 18.75
    },
    "al-maida": {
      "traditional": 76.8,
      "motl": 1440,
      "improvement": 18.75
    },
    "al-ikhlas": {
      "traditional": 76,
      "motl": 1440,
      "improvement": 18.94736842105263
    },
    "al-falaq": {
      "traditional": 75.2,
      "motl": 1440,
      "improvement": 19.148936170212764
    },
    "an-nas": {
      "traditional": 73.6,
      "motl": 1440,
      "improvement": 19.565217391304348
    }
  },
  "theologicalConcepts": {
    "al-fatiha": {
      "conceptOccurrences": {
        "tawhid": 0,
        "risalah": 0,
        "akhirah": 0,
        "iman": 0,
        "taqwa": 0,
        "ibadah": 0,
        "adl": 0,
        "rahmah": 0
      },
      "conceptCooccurrences": {
        "tawhid": {},
        "risalah": {},
        "akhirah": {},
        "iman": {},
        "taqwa": {},
        "ibadah": {},
        "adl": {},
        "rahmah": {}
      },
      "conceptDistribution": {
        "tawhid": 0,
        "risalah": 0,
        "akhirah": 0,
        "iman": 0,
        "taqwa": 0,
        "ibadah": 0,
        "adl": 0,
        "rahmah": 0
      },
      "verseHighlights": []
    },
    "al-baqarah": {
      "conceptOccurrences": {
        "tawhid": 0,
        "risalah": 0,
        "akhirah": 0,
        "iman": 0,
        "taqwa": 0,
        "ibadah": 0,
        "adl": 0,
        "rahmah": 0
      },
      "conceptCooccurrences": {
        "tawhid": {},
        "risalah": {},
        "akhirah": {},
        "iman": {},
        "taqwa": {},
        "ibadah": {},
        "adl": {},
        "rahmah": {}
      },
      "conceptDistribution": {
        "tawhid": 0,
        "risalah": 0,
        "akhirah": 0,
        "iman": 0,
        "taqwa": 0,
        "ibadah": 0,
        "adl": 0,
        "rahmah": 0
      },
      "verseHighlights": []
    },
    "al-imran": {
      "conceptOccurrences": {
        "tawhid": 0,
        "risalah": 0,
        "akhirah": 0,
        "iman": 0,
        "taqwa": 0,
        "ibadah": 0,
        "adl": 0,
        "rahmah": 0
      },
      "conceptCooccurrences": {
        "tawhid": {},
        "risalah": {},
        "akhirah": {},
        "iman": {},
        "taqwa": {},
        "ibadah": {},
        "adl": {},
        "rahmah": {}
      },
      "conceptDistribution": {
        "tawhid": 0,
        "risalah": 0,
        "akhirah": 0,
        "iman": 0,
        "taqwa": 0,
        "ibadah": 0,
        "adl": 0,
        "rahmah": 0
      },
      "verseHighlights": []
    },
    "an-nisa": {
      "conceptOccurrences": {
        "tawhid": 0,
        "risalah": 0,
        "akhirah": 0,
        "iman": 0,
        "taqwa": 0,
        "ibadah": 0,
        "adl": 0,
        "rahmah": 0
      },
      "conceptCooccurrences": {
        "tawhid": {},
        "risalah": {},
        "akhirah": {},
        "iman": {},
        "taqwa": {},
        "ibadah": {},
        "adl": {},
        "rahmah": {}
      },
      "conceptDistribution": {
        "tawhid": 0,
        "risalah": 0,
        "akhirah": 0,
        "iman": 0,
        "taqwa": 0,
        "ibadah": 0,
        "adl": 0,
        "rahmah": 0
      },
      "verseHighlights": []
    },
    "al-maida": {
      "conceptOccurrences": {
        "tawhid": 0,
        "risalah": 0,
        "akhirah": 0,
        "iman": 0,
        "taqwa": 0,
        "ibadah": 0,
        "adl": 0,
        "rahmah": 0
      },
      "conceptCooccurrences": {
        "tawhid": {},
        "risalah": {},
        "akhirah": {},
        "iman": {},
        "taqwa": {},
        "ibadah": {},
        "adl": {},
        "rahmah": {}
      },
      "conceptDistribution": {
        "tawhid": 0,
        "risalah": 0,
        "akhirah": 0,
        "iman": 0,
        "taqwa": 0,
        "ibadah": 0,
        "adl": 0,
        "rahmah": 0
      },
      "verseHighlights": []
    },
    "al-ikhlas": {
      "conceptOccurrences": {
        "tawhid": 0,
        "risalah": 0,
        "akhirah": 0,
        "iman": 0,
        "taqwa": 0,
        "ibadah": 0,
        "adl": 0,
        "rahmah": 0
      },
      "conceptCooccurrences": {
        "tawhid": {},
        "risalah": {},
        "akhirah": {},
        "iman": {},
        "taqwa": {},
        "ibadah": {},
        "adl": {},
        "rahmah": {}
      },
      "conceptDistribution": {
        "tawhid": 0,
        "risalah": 0,
        "akhirah": 0,
        "iman": 0,
        "taqwa": 0,
        "ibadah": 0,
        "adl": 0,
        "rahmah": 0
      },
      "verseHighlights": []
    },
    "al-falaq": {
      "conceptOccurrences": {
        "tawhid": 0,
        "risalah": 0,
        "akhirah": 0,
        "iman": 0,
        "taqwa": 0,
        "ibadah": 0,
        "adl": 0,
        "rahmah": 0
      },
      "conceptCooccurrences": {
        "tawhid": {},
        "risalah": {},
        "akhirah": {},
        "iman": {},
        "taqwa": {},
        "ibadah": {},
        "adl": {},
        "rahmah": {}
      },
      "conceptDistribution": {
        "tawhid": 0,
        "risalah": 0,
        "akhirah": 0,
        "iman": 0,
        "taqwa": 0,
        "ibadah": 0,
        "adl": 0,
        "rahmah": 0
      },
      "verseHighlights": []
    },
    "an-nas": {
      "conceptOccurrences": {
        "tawhid": 0,
        "risalah": 0,
        "akhirah": 0,
        "iman": 0,
        "taqwa": 0,