{
  "processingTime": {
    "al-fatiha": {
      "traditional": 0.5354570001363754,
      "motl": 0.9408410005271435,
      "improvement": 0.5691259201462994
    },
    "al-baqarah": {
      "traditional": 0.349779000505805,
      "motl": 0.3410049993544817,
      "improvement": 1.0257298314333585
    },
    "al-imran": {
      "traditional": 0.3430800009518862,
      "motl": 0.2512269988656044,
      "improvement": 1.3656175590244548
    },
    "an-nisa": {
      "traditional": 0.09451399929821491,
      "motl": 0.14345099963247776,
      "improvement": 0.6588591194230803
    },
    "al-maida": {
      "traditional": 0.09256099909543991,
      "motl": 0.2233119998127222,
      "improvement": 0.4144918283525517
    },
    "al-ikhlas": {
      "traditional": 0.0839809998869896,
      "motl": 0.1230270005762577,
      "improvement": 0.682622509641161
    },
    "al-falaq": {
      "traditional": 0.12367800064384937,
      "motl": 0.18575699999928474,
      "improvement": 0.6658053297820572
    },
    "an-nas": {
      "traditional": 0.12041899934411049,
      "motl": 0.19377300143241882,
      "improvement": 0.6214436400011504
    }
  },
  "compressionRatio": {
    "al-fatiha": {
      "traditional": 0.7708333333333334,
      "motl": 6.2,
      "improvement": 8.043243243243243
    },
    "al-baqarah": {
      "traditional": 0.7777777777777778,
      "motl": 6.266666666666667,
      "improvement": 8.057142857142857
    },
    "al-imran": {
      "traditional": 0.7731958762886598,
      "motl": 6.222222222222222,
      "improvement": 8.047407407407407
    },
    "an-nisa": {
      "traditional": 0.7708333333333334,
      "motl": 6.2,
      "improvement": 8.043243243243243
    },
    "al-maida": {
      "traditional": 0.7708333333333334,
      "motl": 6.2,
      "improvement": 8.043243243243243
    },
    "al-ikhlas": {
      "traditional": 0.7684210526315789,
      "motl": 6.177777777777778,
      "improvement": 8.03957382039574
    },
    "al-falaq": {
      "traditional": 0.7659574468085106,
      "motl": 6.155555555555556,
      "improvement": 8.03641975308642
    },
    "an-nas": {
      "traditional": 0.7608695652173914,
      "motl": 6.111111111111111,
      "improvement": 8.03174603174603
    }
  },
  "semanticDensity": {
    "al-fatiha": {
      "traditional": 76.8,
      "motl": 1440,
      "improvement": 18.75
    },
    "al-baqarah": {
      "traditional": 79.2,
      "motl": 1440,
      "improvement": 18.18181818181818
    },
    "al-imran": {
      "traditional": 77.6,
      "motl": 1440,
      "improvement": 18.556701030927837
    },
    "an-nisa": {
      "traditional": 76.8,
      "motl": 1440,
      "improvement": 18.75
    },
    "al-maida": {
      "traditional": 76.8,
      "motl": 1440,
      "improvement": 18.75
    },
    "al-ikhlas": {
      "traditional": 76,
      "motl": 1440,
      "improvement": 18.94736842105263
    },
    "al-falaq": {
      "traditional": 75.2,
      "motl": 1440,
      "improvement": 19.148936170212764
    },
    "an-nas": {
      "traditional": 73.6,
      "motl": 1440,
      "improvement": 19.565217391304348
    }
  },
  "theologicalConcepts": {
    "al-fatiha": {
      "conceptOccurrences": {
        "tawhid": 0,
        "risalah": 0,
        "akhirah": 0,
        "iman": 0,
        "taqwa": 0,
        "ibadah": 0,
        "adl": 0,
        "rahmah": 0
      },
      "conceptCooccurrences": {
        "tawhid": {},
        "risalah": {},
        "akhirah": {},
        "iman": {},
        "taqwa": {},
        "ibadah": {},
        "adl": {},
        "rahmah": {}
      },
      "conceptDistribution": {
        "tawhid": 0,
        "risalah": 0,
        "akhirah": 0,
        "iman": 0,
        "taqwa": 0,
        "ibadah": 0,
        "adl": 0,
        "rahmah": 0
      },
      "verseHighlights": []
    },
    "al-baqarah": {
      "conceptOccurrences": {
        "tawhid": 0,
        "risalah": 0,
        "akhirah": 0,
        "iman": 0,
        "taqwa": 0,
        "ibadah": 0,
        "adl": 0,
        "rahmah": 0
      },
      "conceptCooccurrences": {
        "tawhid": {},
        "risalah": {},
        "akhirah": {},
        "iman": {},
        "taqwa": {},
        "ibadah": {},
        "adl": {},
        "rahmah": {}
      },
      "conceptDistribution": {
        "tawhid": 0,
        "risalah": 0,
        "akhirah": 0,
        "iman": 0,
        "taqwa": 0,
        "ibadah": 0,
        "adl": 0,
        "rahmah": 0
      },
      "verseHighlights": []
    },
    "al-imran": {
      "conceptOccurrences": {
        "tawhid": 0,
        "risalah": 0,
        "akhirah": 0,
        "iman": 0,
        "taqwa": 0,
        "ibadah": 0,
        "adl": 0,
        "rahmah": 0
      },
      "conceptCooccurrences": {
        "tawhid": {},
        "risalah": {},
        "akhirah": {},
        "iman": {},
        "taqwa": {},
        "ibadah": {},
        "adl": {},
        "rahmah": {}
      },
      "conceptDistribution": {
        "tawhid": 0,
        "risalah": 0,
        "akhirah": 0,
        "iman": 0,
        "taqwa": 0,
        "ibadah": 0,
        "adl": 0,
        "rahmah": 0
      },
      "verseHighlights": []
    },
    "an-nisa": {
      "conceptOccurrences": {
        "tawhid": 0,
        "risalah": 0,
        "akhirah": 0,
        "iman": 0,
        "taqwa": 0,
        "ibadah": 0,
        "adl": 0,
        "rahmah": 0
      },
      "conceptCooccurrences": {
        "tawhid": {},
        "risalah": {},
        "akhirah": {},
        "iman": {},
        "taqwa": {},
        "ibadah": {},
        "adl": {},
        "rahmah": {}
      },
      "conceptDistribution": {
        "tawhid": 0,
        "risalah": 0,
        "akhirah": 0,
        "iman": 0,
        "taqwa": 0,
        "ibadah": 0,
        "adl": 0,
        "rahmah": 0
      },
      "verseHighlights": []
    },
    "al-maida": {
      "conceptOccurrences": {
        "tawhid": 0,
        "risalah": 0,
        "akhirah": 0,
        "iman": 0,
        "taqwa": 0,
        "ibadah": 0,
        "adl": 0,
        "rahmah": 0
      },
      "conceptCooccurrences": {
        "tawhid": {},
        "risalah": {},
        "akhirah": {},
        "iman": {},
        "taqwa": {},
        "ibadah": {},
        "adl": {},
        "rahmah": {}
      },
      "conceptDistribution": {
        "tawhid": 0,
        "risalah": 0,
        "akhirah": 0,
        "iman": 0,
        "taqwa": 0,
        "ibadah": 0,
        "adl": 0,
        "rahmah": 0
      },
      "verseHighlights": []
    },
    "al-ikhlas": {
      "conceptOccurrences": {
        "tawhid": 0,
        "risalah": 0,
        "akhirah": 0,
        "iman": 0,
        "taqwa": 0,
        "ibadah": 0,
        "adl": 0,
        "rahmah": 0
      },
      "conceptCooccurrences": {
        "tawhid": {},
        "risalah": {},
        "akhirah": {},
        "iman": {},
        "taqwa": {},
        "ibadah": {},
        "adl": {},
        "rahmah": {}
      },
      "conceptDistribution": {
        "tawhid": 0,
        "risalah": 0,
        "akhirah": 0,
        "iman": 0,
        "taqwa": 0,
        "ibadah": 0,
        "adl": 0,
        "rahmah": 0
      },
      "verseHighlights": []
    },
    "al-falaq": {
      "conceptOccurrences": {
        "tawhid": 0,
        "risalah": 0,
        "akhirah": 0,
        "iman": 0,
        "taqwa": 0,
        "ibadah": 0,
        "adl": 0,
        "rahmah": 0
      },
      "conceptCooccurrences": {
        "tawhid": {},
        "risalah": {},
        "akhirah": {},
        "iman": {},
        "taqwa": {},
        "ibadah": {},
        "adl": {},
        "rahmah": {}
      },
      "conceptDistribution": {
        "tawhid": 0,
        "risalah": 0,
        "akhirah": 0,
        "iman": 0,
        "taqwa": 0,
        "ibadah": 0,
        "adl": 0,
        "rahmah": 0
      },
      "verseHighlights": []
    },
    "an-nas": {
      "conceptOccurrences": {
        "tawhid": 0,
        "risalah": 0,
        "akhirah": 0,
        "iman": 0,
        "taqwa": 0,