{
  "detection": {
    "crossref_1": {
      "scores": [
        0.780809197304359,
        0.7837490251774905,
        0.8453781782948112
      ],
      "average": 0.8033121335922203
    },
    "crossref_2": {
      "scores": [
        0.8771171530793763,
        0.7715517212045971,
        0.7820685120501826
      ],
      "average": 0.8102457954447186
    }
  },
  "relevance": {
    "crossref_1": {
      "scores": [
        0.7763481757879368,
        0.6256443077197563,
        0.809091372302479
      ],
      "average": 0.737027951936724
    },
    "crossref_2": {
      "scores": [
        0.8746073642229124,
        0.6640685917278546,
        0.6649404375237286
      ],
      "average": 0.7345387978248318
    }
  },
  "strength": {
    "crossref_1": {
      "actual": [
        0.7,
        0.6,
        0.8
      ],
      "predicted": [
        0.6206133161843835,
        0.7910691604700757,
        0.7839195266385034
      ],
      "correlation": 0.8602744537339899
    },
    "crossref_2": {
      "actual": [
        0.8,
        0.7,
        0.5
      ],
      "predicted": [
        0.9744469491757763,
        0.5767920604451106,
        0.9464518542361043
      ],
      "correlation": 0.8729523174914835
    }
  }
}