{
  "coherence": {
    "reasoning_1": 0.9262316969527858
  },
  "validity": {
    "reasoning_1": 0.7386227106073294
  },
  "efficiency": {
    "reasoning_1": 1.726530612244898
  }
}